,Indicator_EN,Indicator_AR,Variable_EN - Final Discharge,Variable_AR - Final Discharge,Unit_EN,Unit_AR,Geography_EN,Geography_AR,Temporal Ref - Year_EN,Temporal Ref - Year_AR,Value
0,Treated Wastewater Distribution,كمية المياه العادمة المعالجة,Treated Wasewater,المياه العادمة المعالجة,Million M3,مليون م 3,Abu Dhabi,أبوظبي,2017,2017,310.7195292468086
1,Treated Wastewater Distribution,كمية المياه العادمة المعالجة,Treated Wasewater,المياه العادمة المعالجة,Million M3,مليون م 3,Dubai,دبي,2017,2017,268.669649
2,Treated Wastewater Distribution,كمية المياه العادمة المعالجة,Treated Wasewater,المياه العادمة المعالجة,Million M3,مليون م 3,Sharjah,الشارقة  ,2017,2017,101.32951500000001
3,Treated Wastewater Distribution,كمية المياه العادمة المعالجة,Treated Wasewater,المياه العادمة المعالجة,Million M3,مليون م 3,Ajman,عجمان   ,2017,2017,34.386566
4,Treated Wastewater Distribution,كمية المياه العادمة المعالجة,Treated Wasewater,المياه العادمة المعالجة,Million M3,مليون م 3,Umm Al-Quwain ,أم القيوين  ,2017,2017,0
5,Treated Wastewater Distribution,كمية المياه العادمة المعالجة,Treated Wasewater,المياه العادمة المعالجة,Million M3,مليون م 3,Ras Al-Khaimah ,رأس الخيمة   ,2017,2017,12.902775550000001
6,Treated Wastewater Distribution,كمية المياه العادمة المعالجة,Treated Wasewater,المياه العادمة المعالجة,Million M3,مليون م 3,Fujairah,الفجيرة  ,2017,2017,7.54429
7,Treated Wastewater Distribution,كمية المياه العادمة المعالجة,Treated Wasewater,المياه العادمة المعالجة,Million M3,مليون م 3,Total ,المجموع ,2017,2017,735.5523247968086
8,Treated Wastewater Distribution,كمية المياه العادمة المعالجة,Treated Wasewater,المياه العادمة المعالجة,%,%,Total %,المجموع %,2017,2017,100
9,Treated Wastewater Distribution,كمية المياه العادمة المعالجة,Irrigation,الري,Million M3,مليون م 3,Abu Dhabi,أبوظبي,2017,2017,174.43962404919898
10,Treated Wastewater Distribution,كمية المياه العادمة المعالجة,Irrigation,الري,Million M3,مليون م 3,Dubai,دبي,2017,2017,230
11,Treated Wastewater Distribution,كمية المياه العادمة المعالجة,Irrigation,الري,Million M3,مليون م 3,Sharjah,الشارقة  ,2017,2017,72.46714
12,Treated Wastewater Distribution,كمية المياه العادمة المعالجة,Irrigation,الري,Million M3,مليون م 3,Ajman,عجمان   ,2017,2017,7.332929
13,Treated Wastewater Distribution,كمية المياه العادمة المعالجة,Irrigation,الري,Million M3,مليون م 3,Umm Al-Quwain ,أم القيوين  ,2017,2017,0
14,Treated Wastewater Distribution,كمية المياه العادمة المعالجة,Irrigation,الري,Million M3,مليون م 3,Ras Al-Khaimah ,رأس الخيمة   ,2017,2017,9.675811207
15,Treated Wastewater Distribution,كمية المياه العادمة المعالجة,Irrigation,الري,Million M3,مليون م 3,Fujairah,الفجيرة  ,2017,2017,0.073301
16,Treated Wastewater Distribution,كمية المياه العادمة المعالجة,Irrigation,الري,Million M3,مليون م 3,Total ,المجموع ,2017,2017,493.98880525619893
17,Treated Wastewater Distribution,كمية المياه العادمة المعالجة,Irrigation,الري,%,%,Total %,المجموع %,2017,2017,67.1588938819084
18,Treated Wastewater Distribution,كمية المياه العادمة المعالجة,Storage,تخزين,Million M3,مليون م 3,Abu Dhabi,أبوظبي,2017,2017,0
19,Treated Wastewater Distribution,كمية المياه العادمة المعالجة,Storage,تخزين,Million M3,مليون م 3,Dubai,دبي,2017,2017,0
20,Treated Wastewater Distribution,كمية المياه العادمة المعالجة,Storage,تخزين,Million M3,مليون م 3,Sharjah,الشارقة  ,2017,2017,9.812295
21,Treated Wastewater Distribution,كمية المياه العادمة المعالجة,Storage,تخزين,Million M3,مليون م 3,Ajman,عجمان   ,2017,2017,0
22,Treated Wastewater Distribution,كمية المياه العادمة المعالجة,Storage,تخزين,Million M3,مليون م 3,Umm Al-Quwain ,أم القيوين  ,2017,2017,0
23,Treated Wastewater Distribution,كمية المياه العادمة المعالجة,Storage,تخزين,Million M3,مليون م 3,Ras Al-Khaimah ,رأس الخيمة   ,2017,2017,0
24,Treated Wastewater Distribution,كمية المياه العادمة المعالجة,Storage,تخزين,Million M3,مليون م 3,Fujairah,الفجيرة  ,2017,2017,0
25,Treated Wastewater Distribution,كمية المياه العادمة المعالجة,Storage,تخزين,Million M3,مليون م 3,Total ,المجموع ,2017,2017,9.812295
26,Treated Wastewater Distribution,كمية المياه العادمة المعالجة,Storage,تخزين,%,%,Total %,المجموع %,2017,2017,1.3340036689722354
27,Treated Wastewater Distribution,كمية المياه العادمة المعالجة,Dispose in Gulf Water,تصريف إلى مياه الخليج ,Million M3,مليون م 3,Abu Dhabi,أبوظبي,2017,2017,127.43785767960944
28,Treated Wastewater Distribution,كمية المياه العادمة المعالجة,Dispose in Gulf Water,تصريف إلى مياه الخليج ,Million M3,مليون م 3,Dubai,دبي,2017,2017,8.5
29,Treated Wastewater Distribution,كمية المياه العادمة المعالجة,Dispose in Gulf Water,تصريف إلى مياه الخليج ,Million M3,مليون م 3,Sharjah,الشارقة  ,2017,2017,18.86466
30,Treated Wastewater Distribution,كمية المياه العادمة المعالجة,Dispose in Gulf Water,تصريف إلى مياه الخليج ,Million M3,مليون م 3,Ajman,عجمان   ,2017,2017,21.8309
31,Treated Wastewater Distribution,كمية المياه العادمة المعالجة,Dispose in Gulf Water,تصريف إلى مياه الخليج ,Million M3,مليون م 3,Umm Al-Quwain ,أم القيوين  ,2017,2017,0
32,Treated Wastewater Distribution,كمية المياه العادمة المعالجة,Dispose in Gulf Water,تصريف إلى مياه الخليج ,Million M3,مليون م 3,Ras Al-Khaimah ,رأس الخيمة   ,2017,2017,2.6401538430000002
33,Treated Wastewater Distribution,كمية المياه العادمة المعالجة,Dispose in Gulf Water,تصريف إلى مياه الخليج ,Million M3,مليون م 3,Fujairah,الفجيرة  ,2017,2017,7.117744
34,Treated Wastewater Distribution,كمية المياه العادمة المعالجة,Dispose in Gulf Water,تصريف إلى مياه الخليج ,Million M3,مليون م 3,Total ,المجموع ,2017,2017,186.3913155226094
35,Treated Wastewater Distribution,كمية المياه العادمة المعالجة,Dispose in Gulf Water,تصريف إلى مياه الخليج ,%,%,Total %,المجموع %,2017,2017,25.340320360498996
36,Treated Wastewater Distribution,كمية المياه العادمة المعالجة,Other,أخرى ,Million M3,مليون م 3,Abu Dhabi,أبوظبي,2017,2017,8.84204751800001
37,Treated Wastewater Distribution,كمية المياه العادمة المعالجة,Other,أخرى ,Million M3,مليون م 3,Dubai,دبي,2017,2017,30.2
38,Treated Wastewater Distribution,كمية المياه العادمة المعالجة,Other,أخرى ,Million M3,مليون م 3,Sharjah,الشارقة  ,2017,2017,0.18542
39,Treated Wastewater Distribution,كمية المياه العادمة المعالجة,Other,أخرى ,Million M3,مليون م 3,Ajman,عجمان   ,2017,2017,5.222737
40,Treated Wastewater Distribution,كمية المياه العادمة المعالجة,Other,أخرى ,Million M3,مليون م 3,Umm Al-Quwain ,أم القيوين  ,2017,2017,0
41,Treated Wastewater Distribution,كمية المياه العادمة المعالجة,Other,أخرى ,Million M3,مليون م 3,Ras Al-Khaimah ,رأس الخيمة   ,2017,2017,0.5868105
42,Treated Wastewater Distribution,كمية المياه العادمة المعالجة,Other,أخرى ,Million M3,مليون م 3,Fujairah,الفجيرة  ,2017,2017,0.353245
43,Treated Wastewater Distribution,كمية المياه العادمة المعالجة,Other,أخرى ,Million M3,مليون م 3,Total ,المجموع ,2017,2017,45.39026001800001
44,Treated Wastewater Distribution,كمية المياه العادمة المعالجة,Other,أخرى ,%,%,Total %,المجموع %,2017,2017,6.17090837562627
45,Treated Wastewater Distribution,كمية المياه العادمة المعالجة,Treated Wasewater,المياه العادمة المعالجة,Million M3,مليون م 3,Abu Dhabi,أبوظبي,2016,2016,325916360.5260279
46,Treated Wastewater Distribution,كمية المياه العادمة المعالجة,Treated Wasewater,المياه العادمة المعالجة,Million M3,مليون م 3,Dubai,دبي,2016,2016,257739291.70967743
47,Treated Wastewater Distribution,كمية المياه العادمة المعالجة,Treated Wasewater,المياه العادمة المعالجة,Million M3,مليون م 3,Sharjah,الشارقة  ,2016,2016,98800236
48,Treated Wastewater Distribution,كمية المياه العادمة المعالجة,Treated Wasewater,المياه العادمة المعالجة,Million M3,مليون م 3,Ajman,عجمان   ,2016,2016,30124344
49,Treated Wastewater Distribution,كمية المياه العادمة المعالجة,Treated Wasewater,المياه العادمة المعالجة,Million M3,مليون م 3,Umm Al-Quwain ,أم القيوين  ,2016,2016,0
50,Treated Wastewater Distribution,كمية المياه العادمة المعالجة,Treated Wasewater,المياه العادمة المعالجة,Million M3,مليون م 3,Ras Al-Khaimah ,رأس الخيمة   ,2016,2016,13312884
51,Treated Wastewater Distribution,كمية المياه العادمة المعالجة,Treated Wasewater,المياه العادمة المعالجة,Million M3,مليون م 3,Fujairah,الفجيرة  ,2016,2016,7161160
52,Treated Wastewater Distribution,كمية المياه العادمة المعالجة,Treated Wasewater,المياه العادمة المعالجة,Million M3,مليون م 3,Total ,المجموع ,2016,2016,733054276.2357054
53,Treated Wastewater Distribution,كمية المياه العادمة المعالجة,Treated Wasewater,المياه العادمة المعالجة,%,%,Total %,المجموع %,2016,2016,100.00022852071096
54,Treated Wastewater Distribution,كمية المياه العادمة المعالجة,Irrigation,الري,Million M3,مليون م 3,Abu Dhabi,أبوظبي,2016,2016,166505063.90139195
55,Treated Wastewater Distribution,كمية المياه العادمة المعالجة,Irrigation,الري,Million M3,مليون م 3,Dubai,دبي,2016,2016,225020545
56,Treated Wastewater Distribution,كمية المياه العادمة المعالجة,Irrigation,الري,Million M3,مليون م 3,Sharjah,الشارقة  ,2016,2016,64791200
57,Treated Wastewater Distribution,كمية المياه العادمة المعالجة,Irrigation,الري,Million M3,مليون م 3,Ajman,عجمان   ,2016,2016,7218020
58,Treated Wastewater Distribution,كمية المياه العادمة المعالجة,Irrigation,الري,Million M3,مليون م 3,Umm Al-Quwain ,أم القيوين  ,2016,2016,0
59,Treated Wastewater Distribution,كمية المياه العادمة المعالجة,Irrigation,الري,Million M3,مليون م 3,Ras Al-Khaimah ,رأس الخيمة   ,2016,2016,6388127.4
60,Treated Wastewater Distribution,كمية المياه العادمة المعالجة,Irrigation,الري,Million M3,مليون م 3,Fujairah,الفجيرة  ,2016,2016,70306
61,Treated Wastewater Distribution,كمية المياه العادمة المعالجة,Irrigation,الري,Million M3,مليون م 3,Total ,المجموع ,2016,2016,469993262.30139196
62,Treated Wastewater Distribution,كمية المياه العادمة المعالجة,Irrigation,الري,%,%,Total %,المجموع %,2016,2016,64.11438791610989
63,Treated Wastewater Distribution,كمية المياه العادمة المعالجة,Storage,تخزين,Million M3,مليون م 3,Abu Dhabi,أبوظبي,2016,2016,0
64,Treated Wastewater Distribution,كمية المياه العادمة المعالجة,Storage,تخزين,Million M3,مليون م 3,Dubai,دبي,2016,2016,0
65,Treated Wastewater Distribution,كمية المياه العادمة المعالجة,Storage,تخزين,Million M3,مليون م 3,Sharjah,الشارقة  ,2016,2016,9899731
66,Treated Wastewater Distribution,كمية المياه العادمة المعالجة,Storage,تخزين,Million M3,مليون م 3,Ajman,عجمان   ,2016,2016,0
67,Treated Wastewater Distribution,كمية المياه العادمة المعالجة,Storage,تخزين,Million M3,مليون م 3,Umm Al-Quwain ,أم القيوين  ,2016,2016,0
68,Treated Wastewater Distribution,كمية المياه العادمة المعالجة,Storage,تخزين,Million M3,مليون م 3,Ras Al-Khaimah ,رأس الخيمة   ,2016,2016,0
69,Treated Wastewater Distribution,كمية المياه العادمة المعالجة,Storage,تخزين,Million M3,مليون م 3,Fujairah,الفجيرة  ,2016,2016,0
70,Treated Wastewater Distribution,كمية المياه العادمة المعالجة,Storage,تخزين,Million M3,مليون م 3,Total ,المجموع ,2016,2016,9899731
71,Treated Wastewater Distribution,كمية المياه العادمة المعالجة,Storage,تخزين,%,%,Total %,المجموع %,2016,2016,1.3504772185268383
72,Treated Wastewater Distribution,كمية المياه العادمة المعالجة,Dispose in Gulf Water,تصريف إلى مياه الخليج ,Million M3,مليون م 3,Abu Dhabi,أبوظبي,2016,2016,150253613.99999994
73,Treated Wastewater Distribution,كمية المياه العادمة المعالجة,Dispose in Gulf Water,تصريف إلى مياه الخليج ,Million M3,مليون م 3,Dubai,دبي,2016,2016,29397169
74,Treated Wastewater Distribution,كمية المياه العادمة المعالجة,Dispose in Gulf Water,تصريف إلى مياه الخليج ,Million M3,مليون م 3,Sharjah,الشارقة  ,2016,2016,23000904
75,Treated Wastewater Distribution,كمية المياه العادمة المعالجة,Dispose in Gulf Water,تصريف إلى مياه الخليج ,Million M3,مليون م 3,Ajman,عجمان   ,2016,2016,16696181
76,Treated Wastewater Distribution,كمية المياه العادمة المعالجة,Dispose in Gulf Water,تصريف إلى مياه الخليج ,Million M3,مليون م 3,Umm Al-Quwain ,أم القيوين  ,2016,2016,0
77,Treated Wastewater Distribution,كمية المياه العادمة المعالجة,Dispose in Gulf Water,تصريف إلى مياه الخليج ,Million M3,مليون م 3,Ras Al-Khaimah ,رأس الخيمة   ,2016,2016,6148800
78,Treated Wastewater Distribution,كمية المياه العادمة المعالجة,Dispose in Gulf Water,تصريف إلى مياه الخليج ,Million M3,مليون م 3,Fujairah,الفجيرة  ,2016,2016,6740656
79,Treated Wastewater Distribution,كمية المياه العادمة المعالجة,Dispose in Gulf Water,تصريف إلى مياه الخليج ,Million M3,مليون م 3,Total ,المجموع ,2016,2016,232237323.99999994
80,Treated Wastewater Distribution,كمية المياه العادمة المعالجة,Dispose in Gulf Water,تصريف إلى مياه الخليج ,%,%,Total %,المجموع %,2016,2016,31.68078156402796
81,Treated Wastewater Distribution,كمية المياه العادمة المعالجة,Other,أخرى ,Million M3,مليون م 3,Abu Dhabi,أبوظبي,2016,2016,9159358.80548
82,Treated Wastewater Distribution,كمية المياه العادمة المعالجة,Other,أخرى ,Million M3,مليون م 3,Dubai,دبي,2016,2016,3321577.709677428
83,Treated Wastewater Distribution,كمية المياه العادمة المعالجة,Other,أخرى ,Million M3,مليون م 3,Sharjah,الشارقة  ,2016,2016,1108401
84,Treated Wastewater Distribution,كمية المياه العادمة المعالجة,Other,أخرى ,Million M3,مليون م 3,Ajman,عجمان   ,2016,2016,6210142
85,Treated Wastewater Distribution,كمية المياه العادمة المعالجة,Other,أخرى ,Million M3,مليون م 3,Umm Al-Quwain ,أم القيوين  ,2016,2016,0
86,Treated Wastewater Distribution,كمية المياه العادمة المعالجة,Other,أخرى ,Million M3,مليون م 3,Ras Al-Khaimah ,رأس الخيمة   ,2016,2016,775956.6
87,Treated Wastewater Distribution,كمية المياه العادمة المعالجة,Other,أخرى ,Million M3,مليون م 3,Fujairah,الفجيرة  ,2016,2016,350198
88,Treated Wastewater Distribution,كمية المياه العادمة المعالجة,Other,أخرى ,Million M3,مليون م 3,Total ,المجموع ,2016,2016,20925634.11515743
89,Treated Wastewater Distribution,كمية المياه العادمة المعالجة,Other,أخرى ,%,%,Total %,المجموع %,2016,2016,2.854581822046288
90,Treated Wastewater Distribution,كمية المياه العادمة المعالجة,Treated Wasewater,المياه العادمة المعالجة,Million M3,مليون م 3,Abu Dhabi,أبوظبي,2015,2015,332259663.194759
91,Treated Wastewater Distribution,كمية المياه العادمة المعالجة,Treated Wasewater,المياه العادمة المعالجة,Million M3,مليون م 3,Dubai,دبي,2015,2015,242452657.52
92,Treated Wastewater Distribution,كمية المياه العادمة المعالجة,Treated Wasewater,المياه العادمة المعالجة,Million M3,مليون م 3,Sharjah,الشارقة  ,2015,2015,88988217
93,Treated Wastewater Distribution,كمية المياه العادمة المعالجة,Treated Wasewater,المياه العادمة المعالجة,Million M3,مليون م 3,Ajman,عجمان   ,2015,2015,28061563
94,Treated Wastewater Distribution,كمية المياه العادمة المعالجة,Treated Wasewater,المياه العادمة المعالجة,Million M3,مليون م 3,Umm Al-Quwain ,أم القيوين  ,2015,2015,0
95,Treated Wastewater Distribution,كمية المياه العادمة المعالجة,Treated Wasewater,المياه العادمة المعالجة,Million M3,مليون م 3,Ras Al-Khaimah ,رأس الخيمة   ,2015,2015,12834951.25
96,Treated Wastewater Distribution,كمية المياه العادمة المعالجة,Treated Wasewater,المياه العادمة المعالجة,Million M3,مليون م 3,Fujairah,الفجيرة  ,2015,2015,6411865
97,Treated Wastewater Distribution,كمية المياه العادمة المعالجة,Treated Wasewater,المياه العادمة المعالجة,Million M3,مليون م 3,Total ,المجموع ,2015,2015,711008916.964759
98,Treated Wastewater Distribution,كمية المياه العادمة المعالجة,Treated Wasewater,المياه العادمة المعالجة,%,%,Total %,المجموع %,2015,2015,100
99,Treated Wastewater Distribution,كمية المياه العادمة المعالجة,Irrigation,الري,Million M3,مليون م 3,Abu Dhabi,أبوظبي,2015,2015,170807938.628207
100,Treated Wastewater Distribution,كمية المياه العادمة المعالجة,Irrigation,الري,Million M3,مليون م 3,Dubai,دبي,2015,2015,211471625.231444
101,Treated Wastewater Distribution,كمية المياه العادمة المعالجة,Irrigation,الري,Million M3,مليون م 3,Sharjah,الشارقة  ,2015,2015,57278355.000000015
102,Treated Wastewater Distribution,كمية المياه العادمة المعالجة,Irrigation,الري,Million M3,مليون م 3,Ajman,عجمان   ,2015,2015,6873798
103,Treated Wastewater Distribution,كمية المياه العادمة المعالجة,Irrigation,الري,Million M3,مليون م 3,Umm Al-Quwain ,أم القيوين  ,2015,2015,0
104,Treated Wastewater Distribution,كمية المياه العادمة المعالجة,Irrigation,الري,Million M3,مليون م 3,Ras Al-Khaimah ,رأس الخيمة   ,2015,2015,5237476.25
105,Treated Wastewater Distribution,كمية المياه العادمة المعالجة,Irrigation,الري,Million M3,مليون م 3,Fujairah,الفجيرة  ,2015,2015,58779
106,Treated Wastewater Distribution,كمية المياه العادمة المعالجة,Irrigation,الري,Million M3,مليون م 3,Total ,المجموع ,2015,2015,451727972.10965097
107,Treated Wastewater Distribution,كمية المياه العادمة المعالجة,Irrigation,الري,%,%,Total %,المجموع %,2015,2015,63.53337649238523
108,Treated Wastewater Distribution,كمية المياه العادمة المعالجة,Dispose in Gulf Water,تصريف إلى مياه الخليج ,Million M3,مليون م 3,Abu Dhabi,أبوظبي,2015,2015,155939144
109,Treated Wastewater Distribution,كمية المياه العادمة المعالجة,Dispose in Gulf Water,تصريف إلى مياه الخليج ,Million M3,مليون م 3,Dubai,دبي,2015,2015,19456422.768556
110,Treated Wastewater Distribution,كمية المياه العادمة المعالجة,Dispose in Gulf Water,تصريف إلى مياه الخليج ,Million M3,مليون م 3,Sharjah,الشارقة  ,2015,2015,30031592
111,Treated Wastewater Distribution,كمية المياه العادمة المعالجة,Dispose in Gulf Water,تصريف إلى مياه الخليج ,Million M3,مليون م 3,Ajman,عجمان   ,2015,2015,15257546
112,Treated Wastewater Distribution,كمية المياه العادمة المعالجة,Dispose in Gulf Water,تصريف إلى مياه الخليج ,Million M3,مليون م 3,Umm Al-Quwain ,أم القيوين  ,2015,2015,0
113,Treated Wastewater Distribution,كمية المياه العادمة المعالجة,Dispose in Gulf Water,تصريف إلى مياه الخليج ,Million M3,مليون م 3,Ras Al-Khaimah ,رأس الخيمة   ,2015,2015,6679500
114,Treated Wastewater Distribution,كمية المياه العادمة المعالجة,Dispose in Gulf Water,تصريف إلى مياه الخليج ,Million M3,مليون م 3,Fujairah,الفجيرة  ,2015,2015,6305642
115,Treated Wastewater Distribution,كمية المياه العادمة المعالجة,Dispose in Gulf Water,تصريف إلى مياه الخليج ,Million M3,مليون م 3,Total ,المجموع ,2015,2015,233669846.768556
116,Treated Wastewater Distribution,كمية المياه العادمة المعالجة,Dispose in Gulf Water,تصريف إلى مياه الخليج ,%,%,Total %,المجموع %,2015,2015,32.86454518265033
117,Treated Wastewater Distribution,كمية المياه العادمة المعالجة,Other,أخرى ,Million M3,مليون م 3,Abu Dhabi,أبوظبي,2015,2015,5512580.566551998
118,Treated Wastewater Distribution,كمية المياه العادمة المعالجة,Other,أخرى ,Million M3,مليون م 3,Dubai,دبي,2015,2015,11524609.5
119,Treated Wastewater Distribution,كمية المياه العادمة المعالجة,Other,أخرى ,Million M3,مليون م 3,Sharjah,الشارقة  ,2015,2015,1678270
120,Treated Wastewater Distribution,كمية المياه العادمة المعالجة,Other,أخرى ,Million M3,مليون م 3,Ajman,عجمان   ,2015,2015,5930219
121,Treated Wastewater Distribution,كمية المياه العادمة المعالجة,Other,أخرى ,Million M3,مليون م 3,Umm Al-Quwain ,أم القيوين  ,2015,2015,0
122,Treated Wastewater Distribution,كمية المياه العادمة المعالجة,Other,أخرى ,Million M3,مليون م 3,Ras Al-Khaimah ,رأس الخيمة   ,2015,2015,917975
123,Treated Wastewater Distribution,كمية المياه العادمة المعالجة,Other,أخرى ,Million M3,مليون م 3,Fujairah,الفجيرة  ,2015,2015,47444
124,Treated Wastewater Distribution,كمية المياه العادمة المعالجة,Other,أخرى ,Million M3,مليون م 3,Total ,المجموع ,2015,2015,25611098.086551998
125,Treated Wastewater Distribution,كمية المياه العادمة المعالجة,Other,أخرى ,%,%,Total %,المجموع %,2015,2015,3.6020783249644404
126,Treated Wastewater Distribution,كمية المياه العادمة المعالجة,Treated Wasewater,المياه العادمة المعالجة,Million M3,مليون م 3,Abu Dhabi,أبوظبي,2014,2014,312939809.9950026
127,Treated Wastewater Distribution,كمية المياه العادمة المعالجة,Treated Wasewater,المياه العادمة المعالجة,Million M3,مليون م 3,Dubai,دبي,2014,2014,213719847.73950332
128,Treated Wastewater Distribution,كمية المياه العادمة المعالجة,Treated Wasewater,المياه العادمة المعالجة,Million M3,مليون م 3,Sharjah,الشارقة  ,2014,2014,83116188
129,Treated Wastewater Distribution,كمية المياه العادمة المعالجة,Treated Wasewater,المياه العادمة المعالجة,Million M3,مليون م 3,Ajman,عجمان   ,2014,2014,24689330
130,Treated Wastewater Distribution,كمية المياه العادمة المعالجة,Treated Wasewater,المياه العادمة المعالجة,Million M3,مليون م 3,Umm Al-Quwain ,أم القيوين  ,2014,2014,0
131,Treated Wastewater Distribution,كمية المياه العادمة المعالجة,Treated Wasewater,المياه العادمة المعالجة,Million M3,مليون م 3,Ras Al-Khaimah ,رأس الخيمة   ,2014,2014,12576075
132,Treated Wastewater Distribution,كمية المياه العادمة المعالجة,Treated Wasewater,المياه العادمة المعالجة,Million M3,مليون م 3,Fujairah,الفجيرة  ,2014,2014,6059182
133,Treated Wastewater Distribution,كمية المياه العادمة المعالجة,Treated Wasewater,المياه العادمة المعالجة,Million M3,مليون م 3,Total ,المجموع ,2014,2014,653100432.7345059
134,Treated Wastewater Distribution,كمية المياه العادمة المعالجة,Treated Wasewater,المياه العادمة المعالجة,%,%,Total %,المجموع %,2014,2014,100
135,Treated Wastewater Distribution,كمية المياه العادمة المعالجة,Irrigation,الري,Million M3,مليون م 3,Abu Dhabi,أبوظبي,2014,2014,191735137.58376682
136,Treated Wastewater Distribution,كمية المياه العادمة المعالجة,Irrigation,الري,Million M3,مليون م 3,Dubai,دبي,2014,2014,179990302.2 *
137,Treated Wastewater Distribution,كمية المياه العادمة المعالجة,Irrigation,الري,Million M3,مليون م 3,Sharjah,الشارقة  ,2014,2014,48437842
138,Treated Wastewater Distribution,كمية المياه العادمة المعالجة,Irrigation,الري,Million M3,مليون م 3,Ajman,عجمان   ,2014,2014,2648000
139,Treated Wastewater Distribution,كمية المياه العادمة المعالجة,Irrigation,الري,Million M3,مليون م 3,Umm Al-Quwain ,أم القيوين  ,2014,2014,0
140,Treated Wastewater Distribution,كمية المياه العادمة المعالجة,Irrigation,الري,Million M3,مليون م 3,Ras Al-Khaimah ,رأس الخيمة   ,2014,2014,8360325
141,Treated Wastewater Distribution,كمية المياه العادمة المعالجة,Irrigation,الري,Million M3,مليون م 3,Fujairah,الفجيرة  ,2014,2014,81118
142,Treated Wastewater Distribution,كمية المياه العادمة المعالجة,Irrigation,الري,Million M3,مليون م 3,Total ,المجموع ,2014,2014,431252724.7837668
143,Treated Wastewater Distribution,كمية المياه العادمة المعالجة,Irrigation,الري,%,%,Total %,المجموع %,2014,2014,66.03160910154791
144,Treated Wastewater Distribution,كمية المياه العادمة المعالجة,Dispose in Gulf Water,تصريف إلى مياه الخليج ,Million M3,مليون م 3,Abu Dhabi,أبوظبي,2014,2014,115748467.80968125
145,Treated Wastewater Distribution,كمية المياه العادمة المعالجة,Dispose in Gulf Water,تصريف إلى مياه الخليج ,Million M3,مليون م 3,Dubai,دبي,2014,2014,32973416
146,Treated Wastewater Distribution,كمية المياه العادمة المعالجة,Dispose in Gulf Water,تصريف إلى مياه الخليج ,Million M3,مليون م 3,Sharjah,الشارقة  ,2014,2014,33641411
147,Treated Wastewater Distribution,كمية المياه العادمة المعالجة,Dispose in Gulf Water,تصريف إلى مياه الخليج ,Million M3,مليون م 3,Ajman,عجمان   ,2014,2014,17603984
148,Treated Wastewater Distribution,كمية المياه العادمة المعالجة,Dispose in Gulf Water,تصريف إلى مياه الخليج ,Million M3,مليون م 3,Umm Al-Quwain ,أم القيوين  ,2014,2014,0
149,Treated Wastewater Distribution,كمية المياه العادمة المعالجة,Dispose in Gulf Water,تصريف إلى مياه الخليج ,Million M3,مليون م 3,Ras Al-Khaimah ,رأس الخيمة   ,2014,2014,3248500
150,Treated Wastewater Distribution,كمية المياه العادمة المعالجة,Dispose in Gulf Water,تصريف إلى مياه الخليج ,Million M3,مليون م 3,Fujairah,الفجيرة  ,2014,2014,5932198
151,Treated Wastewater Distribution,كمية المياه العادمة المعالجة,Dispose in Gulf Water,تصريف إلى مياه الخليج ,Million M3,مليون م 3,Total ,المجموع ,2014,2014,209147976.80968124
152,Treated Wastewater Distribution,كمية المياه العادمة المعالجة,Dispose in Gulf Water,تصريف إلى مياه الخليج ,%,%,Total %,المجموع %,2014,2014,32.02386131241513
153,Treated Wastewater Distribution,كمية المياه العادمة المعالجة,Other,أخرى ,Million M3,مليون م 3,Abu Dhabi,أبوظبي,2014,2014,5456204.601554529
154,Treated Wastewater Distribution,كمية المياه العادمة المعالجة,Other,أخرى ,Million M3,مليون م 3,Dubai,دبي,2014,2014,756129.5 **
155,Treated Wastewater Distribution,كمية المياه العادمة المعالجة,Other,أخرى ,Million M3,مليون م 3,Sharjah,الشارقة  ,2014,2014,1036935
156,Treated Wastewater Distribution,كمية المياه العادمة المعالجة,Other,أخرى ,Million M3,مليون م 3,Ajman,عجمان   ,2014,2014,4437346
157,Treated Wastewater Distribution,كمية المياه العادمة المعالجة,Other,أخرى ,Million M3,مليون م 3,Umm Al-Quwain ,أم القيوين  ,2014,2014,0
158,Treated Wastewater Distribution,كمية المياه العادمة المعالجة,Other,أخرى ,Million M3,مليون م 3,Ras Al-Khaimah ,رأس الخيمة   ,2014,2014,967250
159,Treated Wastewater Distribution,كمية المياه العادمة المعالجة,Other,أخرى ,Million M3,مليون م 3,Fujairah,الفجيرة  ,2014,2014,45866
160,Treated Wastewater Distribution,كمية المياه العادمة المعالجة,Other,أخرى ,Million M3,مليون م 3,Total ,المجموع ,2014,2014,12699731.101554528
161,Treated Wastewater Distribution,كمية المياه العادمة المعالجة,Other,أخرى ,%,%,Total %,المجموع %,2014,2014,1.944529579988372
162,Treated Wastewater Distribution,كمية المياه العادمة المعالجة,Treated Wasewater,المياه العادمة المعالجة,Million M3,مليون م 3,Abu Dhabi,أبوظبي,2013,2013,283024487.78154385
163,Treated Wastewater Distribution,كمية المياه العادمة المعالجة,Treated Wasewater,المياه العادمة المعالجة,Million M3,مليون م 3,Dubai,دبي,2013,2013,202428797
164,Treated Wastewater Distribution,كمية المياه العادمة المعالجة,Treated Wasewater,المياه العادمة المعالجة,Million M3,مليون م 3,Sharjah,الشارقة  ,2013,2013,79196240
165,Treated Wastewater Distribution,كمية المياه العادمة المعالجة,Treated Wasewater,المياه العادمة المعالجة,Million M3,مليون م 3,Ajman,عجمان   ,2013,2013,23579365
166,Treated Wastewater Distribution,كمية المياه العادمة المعالجة,Treated Wasewater,المياه العادمة المعالجة,Million M3,مليون م 3,Umm Al-Quwain ,أم القيوين  ,2013,2013,0
167,Treated Wastewater Distribution,كمية المياه العادمة المعالجة,Treated Wasewater,المياه العادمة المعالجة,Million M3,مليون م 3,Ras Al-Khaimah ,رأس الخيمة   ,2013,2013,11395300
168,Treated Wastewater Distribution,كمية المياه العادمة المعالجة,Treated Wasewater,المياه العادمة المعالجة,Million M3,مليون م 3,Fujairah,الفجيرة  ,2013,2013,5933531
169,Treated Wastewater Distribution,كمية المياه العادمة المعالجة,Treated Wasewater,المياه العادمة المعالجة,Million M3,مليون م 3,Total ,المجموع ,2013,2013,605557720.7815439
170,Treated Wastewater Distribution,كمية المياه العادمة المعالجة,Treated Wasewater,المياه العادمة المعالجة,%,%,Total %,المجموع %,2013,2013,100
171,Treated Wastewater Distribution,كمية المياه العادمة المعالجة,Irrigation,الري,Million M3,مليون م 3,Abu Dhabi,أبوظبي,2013,2013,153157083.076789
172,Treated Wastewater Distribution,كمية المياه العادمة المعالجة,Irrigation,الري,Million M3,مليون م 3,Dubai,دبي,2013,2013,169728086
173,Treated Wastewater Distribution,كمية المياه العادمة المعالجة,Irrigation,الري,Million M3,مليون م 3,Sharjah,الشارقة  ,2013,2013,40192917
174,Treated Wastewater Distribution,كمية المياه العادمة المعالجة,Irrigation,الري,Million M3,مليون م 3,Ajman,عجمان   ,2013,2013,5657500
175,Treated Wastewater Distribution,كمية المياه العادمة المعالجة,Irrigation,الري,Million M3,مليون م 3,Umm Al-Quwain ,أم القيوين  ,2013,2013,0
176,Treated Wastewater Distribution,كمية المياه العادمة المعالجة,Irrigation,الري,Million M3,مليون م 3,Ras Al-Khaimah ,رأس الخيمة   ,2013,2013,7946050
177,Treated Wastewater Distribution,كمية المياه العادمة المعالجة,Irrigation,الري,Million M3,مليون م 3,Fujairah,الفجيرة  ,2013,2013,118215
178,Treated Wastewater Distribution,كمية المياه العادمة المعالجة,Irrigation,الري,Million M3,مليون م 3,Total ,المجموع ,2013,2013,376799851.746789
179,Treated Wastewater Distribution,كمية المياه العادمة المعالجة,Irrigation,الري,%,%,Total %,المجموع %,2013,2013,62.22360624194242
180,Treated Wastewater Distribution,كمية المياه العادمة المعالجة,Dispose inValleys,تصريف إلى الوديان ,Million M3,مليون م 3,Abu Dhabi,أبوظبي,2013,2013,0
181,Treated Wastewater Distribution,كمية المياه العادمة المعالجة,Dispose inValleys,تصريف إلى الوديان ,Million M3,مليون م 3,Dubai,دبي,2013,2013,26614
182,Treated Wastewater Distribution,كمية المياه العادمة المعالجة,Dispose inValleys,تصريف إلى الوديان ,Million M3,مليون م 3,Sharjah,الشارقة  ,2013,2013,0
183,Treated Wastewater Distribution,كمية المياه العادمة المعالجة,Dispose inValleys,تصريف إلى الوديان ,Million M3,مليون م 3,Ajman,عجمان   ,2013,2013,219324
184,Treated Wastewater Distribution,كمية المياه العادمة المعالجة,Dispose inValleys,تصريف إلى الوديان ,Million M3,مليون م 3,Umm Al-Quwain ,أم القيوين  ,2013,2013,0
185,Treated Wastewater Distribution,كمية المياه العادمة المعالجة,Dispose inValleys,تصريف إلى الوديان ,Million M3,مليون م 3,Ras Al-Khaimah ,رأس الخيمة   ,2013,2013,91250
186,Treated Wastewater Distribution,كمية المياه العادمة المعالجة,Dispose inValleys,تصريف إلى الوديان ,Million M3,مليون م 3,Fujairah,الفجيرة  ,2013,2013,0
187,Treated Wastewater Distribution,كمية المياه العادمة المعالجة,Dispose inValleys,تصريف إلى الوديان ,Million M3,مليون م 3,Total ,المجموع ,2013,2013,337188
188,Treated Wastewater Distribution,كمية المياه العادمة المعالجة,Dispose inValleys,تصريف إلى الوديان ,%,%,Total %,المجموع %,2013,2013,0.055682222920850385
189,Treated Wastewater Distribution,كمية المياه العادمة المعالجة,Dispose to Lagoon,تصريف إلى بحيرة ,Million M3,مليون م 3,Abu Dhabi,أبوظبي,2013,2013,6374399.7047549
190,Treated Wastewater Distribution,كمية المياه العادمة المعالجة,Dispose to Lagoon,تصريف إلى بحيرة ,Million M3,مليون م 3,Dubai,دبي,2013,2013,0
191,Treated Wastewater Distribution,كمية المياه العادمة المعالجة,Dispose to Lagoon,تصريف إلى بحيرة ,Million M3,مليون م 3,Sharjah,الشارقة  ,2013,2013,0
192,Treated Wastewater Distribution,كمية المياه العادمة المعالجة,Dispose to Lagoon,تصريف إلى بحيرة ,Million M3,مليون م 3,Ajman,عجمان   ,2013,2013,0
193,Treated Wastewater Distribution,كمية المياه العادمة المعالجة,Dispose to Lagoon,تصريف إلى بحيرة ,Million M3,مليون م 3,Umm Al-Quwain ,أم القيوين  ,2013,2013,0
194,Treated Wastewater Distribution,كمية المياه العادمة المعالجة,Dispose to Lagoon,تصريف إلى بحيرة ,Million M3,مليون م 3,Ras Al-Khaimah ,رأس الخيمة   ,2013,2013,0
195,Treated Wastewater Distribution,كمية المياه العادمة المعالجة,Dispose to Lagoon,تصريف إلى بحيرة ,Million M3,مليون م 3,Fujairah,الفجيرة  ,2013,2013,0
196,Treated Wastewater Distribution,كمية المياه العادمة المعالجة,Dispose to Lagoon,تصريف إلى بحيرة ,Million M3,مليون م 3,Total ,المجموع ,2013,2013,6374399.7047549
197,Treated Wastewater Distribution,كمية المياه العادمة المعالجة,Dispose to Lagoon,تصريف إلى بحيرة ,%,%,Total %,المجموع %,2013,2013,1.05264939839723
198,Treated Wastewater Distribution,كمية المياه العادمة المعالجة,Dispose in Gulf Water,تصريف إلى مياه الخليج ,Million M3,مليون م 3,Abu Dhabi,أبوظبي,2013,2013,123493005
199,Treated Wastewater Distribution,كمية المياه العادمة المعالجة,Dispose in Gulf Water,تصريف إلى مياه الخليج ,Million M3,مليون م 3,Dubai,دبي,2013,2013,29606787.33
200,Treated Wastewater Distribution,كمية المياه العادمة المعالجة,Dispose in Gulf Water,تصريف إلى مياه الخليج ,Million M3,مليون م 3,Sharjah,الشارقة  ,2013,2013,33407081
201,Treated Wastewater Distribution,كمية المياه العادمة المعالجة,Dispose in Gulf Water,تصريف إلى مياه الخليج ,Million M3,مليون م 3,Ajman,عجمان   ,2013,2013,12940870
202,Treated Wastewater Distribution,كمية المياه العادمة المعالجة,Dispose in Gulf Water,تصريف إلى مياه الخليج ,Million M3,مليون م 3,Umm Al-Quwain ,أم القيوين  ,2013,2013,0
203,Treated Wastewater Distribution,كمية المياه العادمة المعالجة,Dispose in Gulf Water,تصريف إلى مياه الخليج ,Million M3,مليون م 3,Ras Al-Khaimah ,رأس الخيمة   ,2013,2013,3066000
204,Treated Wastewater Distribution,كمية المياه العادمة المعالجة,Dispose in Gulf Water,تصريف إلى مياه الخليج ,Million M3,مليون م 3,Fujairah,الفجيرة  ,2013,2013,5815316
205,Treated Wastewater Distribution,كمية المياه العادمة المعالجة,Dispose in Gulf Water,تصريف إلى مياه الخليج ,Million M3,مليون م 3,Total ,المجموع ,2013,2013,208329059.32999998
206,Treated Wastewater Distribution,كمية المياه العادمة المعالجة,Dispose in Gulf Water,تصريف إلى مياه الخليج ,%,%,Total %,المجموع %,2013,2013,34.40284091516936
207,Treated Wastewater Distribution,كمية المياه العادمة المعالجة,Other,أخرى ,Million M3,مليون م 3,Abu Dhabi,أبوظبي,2013,2013,0
208,Treated Wastewater Distribution,كمية المياه العادمة المعالجة,Other,أخرى ,Million M3,مليون م 3,Dubai,دبي,2013,2013,3067309
209,Treated Wastewater Distribution,كمية المياه العادمة المعالجة,Other,أخرى ,Million M3,مليون م 3,Sharjah,الشارقة  ,2013,2013,5596242
210,Treated Wastewater Distribution,كمية المياه العادمة المعالجة,Other,أخرى ,Million M3,مليون م 3,Ajman,عجمان   ,2013,2013,4761671
211,Treated Wastewater Distribution,كمية المياه العادمة المعالجة,Other,أخرى ,Million M3,مليون م 3,Umm Al-Quwain ,أم القيوين  ,2013,2013,0
212,Treated Wastewater Distribution,كمية المياه العادمة المعالجة,Other,أخرى ,Million M3,مليون م 3,Ras Al-Khaimah ,رأس الخيمة   ,2013,2013,29200
213,Treated Wastewater Distribution,كمية المياه العادمة المعالجة,Other,أخرى ,Million M3,مليون م 3,Fujairah,الفجيرة  ,2013,2013,0
214,Treated Wastewater Distribution,كمية المياه العادمة المعالجة,Other,أخرى ,Million M3,مليون م 3,Total ,المجموع ,2013,2013,13717222
215,Treated Wastewater Distribution,كمية المياه العادمة المعالجة,Other,أخرى ,%,%,Total %,المجموع %,2013,2013,2.265221221570142
216,Treated Wastewater Distribution,كمية المياه العادمة المعالجة,Treated Wasewater,المياه العادمة المعالجة,m3 / yearly,م3 / سنويا,Abu Dhabi,أبوظبي,2018,2018,300.11167418253024
217,Treated Wastewater Distribution,كمية المياه العادمة المعالجة,Treated Wasewater,المياه العادمة المعالجة,m3 / yearly,م3 / سنويا,Dubai,دبي,2018,2018,278.61349942
218,Treated Wastewater Distribution,كمية المياه العادمة المعالجة,Treated Wasewater,المياه العادمة المعالجة,m3 / yearly,م3 / سنويا,Sharjah,الشارقة  ,2018,2018,99.079989
219,Treated Wastewater Distribution,كمية المياه العادمة المعالجة,Treated Wasewater,المياه العادمة المعالجة,m3 / yearly,م3 / سنويا,Ajman,عجمان   ,2018,2018,35.097967
220,Treated Wastewater Distribution,كمية المياه العادمة المعالجة,Treated Wasewater,المياه العادمة المعالجة,m3 / yearly,م3 / سنويا,Umm Al-Quwain ,أم القيوين  ,2018,2018,1.457344
221,Treated Wastewater Distribution,كمية المياه العادمة المعالجة,Treated Wasewater,المياه العادمة المعالجة,m3 / yearly,م3 / سنويا,Ras Al-Khaimah ,رأس الخيمة   ,2018,2018,13.374833170000002
222,Treated Wastewater Distribution,كمية المياه العادمة المعالجة,Treated Wasewater,المياه العادمة المعالجة,m3 / yearly,م3 / سنويا,Fujairah,الفجيرة  ,2018,2018,7.874113
223,Treated Wastewater Distribution,كمية المياه العادمة المعالجة,Treated Wasewater,المياه العادمة المعالجة,m3 / yearly,م3 / سنويا,Total ,المجموع ,2018,2018,735.6094197725303
224,Treated Wastewater Distribution,كمية المياه العادمة المعالجة,Treated Wasewater,المياه العادمة المعالجة,%,%,Total %,المجموع %,2018,2018,100
225,Treated Wastewater Distribution,كمية المياه العادمة المعالجة,Irrigation,الري,m3 / yearly,م3 / سنويا,Abu Dhabi,أبوظبي,2018,2018,169.57184006245404
226,Treated Wastewater Distribution,كمية المياه العادمة المعالجة,Irrigation,الري,m3 / yearly,م3 / سنويا,Dubai,دبي,2018,2018,249.90463241999998
227,Treated Wastewater Distribution,كمية المياه العادمة المعالجة,Irrigation,الري,m3 / yearly,م3 / سنويا,Sharjah,الشارقة  ,2018,2018,73.45509700000001
228,Treated Wastewater Distribution,كمية المياه العادمة المعالجة,Irrigation,الري,m3 / yearly,م3 / سنويا,Ajman,عجمان   ,2018,2018,9.157465
229,Treated Wastewater Distribution,كمية المياه العادمة المعالجة,Irrigation,الري,m3 / yearly,م3 / سنويا,Umm Al-Quwain ,أم القيوين  ,2018,2018,1.457344
230,Treated Wastewater Distribution,كمية المياه العادمة المعالجة,Irrigation,الري,m3 / yearly,م3 / سنويا,Ras Al-Khaimah ,رأس الخيمة   ,2018,2018,9.348112095
231,Treated Wastewater Distribution,كمية المياه العادمة المعالجة,Irrigation,الري,m3 / yearly,م3 / سنويا,Fujairah,الفجيرة  ,2018,2018,0.118166
232,Treated Wastewater Distribution,كمية المياه العادمة المعالجة,Irrigation,الري,m3 / yearly,م3 / سنويا,Total ,المجموع ,2018,2018,513.012656577454
233,Treated Wastewater Distribution,كمية المياه العادمة المعالجة,Irrigation,الري,%,%,Total %,المجموع %,2018,2018,69.73981610187795
234,Treated Wastewater Distribution,كمية المياه العادمة المعالجة,Dispose in Gulf Water,تصريف إلى مياه الخليج ,m3 / yearly,م3 / سنويا,Abu Dhabi,أبوظبي,2018,2018,121.73378059863688
235,Treated Wastewater Distribution,كمية المياه العادمة المعالجة,Dispose in Gulf Water,تصريف إلى مياه الخليج ,m3 / yearly,م3 / سنويا,Dubai,دبي,2018,2018,25.382181
236,Treated Wastewater Distribution,كمية المياه العادمة المعالجة,Dispose in Gulf Water,تصريف إلى مياه الخليج ,m3 / yearly,م3 / سنويا,Sharjah,الشارقة  ,2018,2018,14.52116
237,Treated Wastewater Distribution,كمية المياه العادمة المعالجة,Dispose in Gulf Water,تصريف إلى مياه الخليج ,m3 / yearly,م3 / سنويا,Ajman,عجمان   ,2018,2018,20.488869
238,Treated Wastewater Distribution,كمية المياه العادمة المعالجة,Dispose in Gulf Water,تصريف إلى مياه الخليج ,m3 / yearly,م3 / سنويا,Umm Al-Quwain ,أم القيوين  ,2018,2018,0
239,Treated Wastewater Distribution,كمية المياه العادمة المعالجة,Dispose in Gulf Water,تصريف إلى مياه الخليج ,m3 / yearly,م3 / سنويا,Ras Al-Khaimah ,رأس الخيمة   ,2018,2018,3.21771
240,Treated Wastewater Distribution,كمية المياه العادمة المعالجة,Dispose in Gulf Water,تصريف إلى مياه الخليج ,m3 / yearly,م3 / سنويا,Fujairah,الفجيرة  ,2018,2018,7.366685
241,Treated Wastewater Distribution,كمية المياه العادمة المعالجة,Dispose in Gulf Water,تصريف إلى مياه الخليج ,m3 / yearly,م3 / سنويا,Total ,المجموع ,2018,2018,192.7103855986369
242,Treated Wastewater Distribution,كمية المياه العادمة المعالجة,Dispose in Gulf Water,تصريف إلى مياه الخليج ,%,%,Total %,المجموع %,2018,2018,26.19737872011318
243,Treated Wastewater Distribution,كمية المياه العادمة المعالجة,Other,أخرى ,m3 / yearly,م3 / سنويا,Abu Dhabi,أبوظبي,2018,2018,8.806058021439373
244,Treated Wastewater Distribution,كمية المياه العادمة المعالجة,Other,أخرى ,m3 / yearly,م3 / سنويا,Dubai,دبي,2018,2018,3.326686
245,Treated Wastewater Distribution,كمية المياه العادمة المعالجة,Other,أخرى ,m3 / yearly,م3 / سنويا,Sharjah,الشارقة  ,2018,2018,11.103732
246,Treated Wastewater Distribution,كمية المياه العادمة المعالجة,Other,أخرى ,m3 / yearly,م3 / سنويا,Ajman,عجمان   ,2018,2018,5.488133
247,Treated Wastewater Distribution,كمية المياه العادمة المعالجة,Other,أخرى ,m3 / yearly,م3 / سنويا,Umm Al-Quwain ,أم القيوين  ,2018,2018,0
248,Treated Wastewater Distribution,كمية المياه العادمة المعالجة,Other,أخرى ,m3 / yearly,م3 / سنويا,Ras Al-Khaimah ,رأس الخيمة   ,2018,2018,0.8090110749999999
249,Treated Wastewater Distribution,كمية المياه العادمة المعالجة,Other,أخرى ,m3 / yearly,م3 / سنويا,Fujairah,الفجيرة  ,2018,2018,0.389262
250,Treated Wastewater Distribution,كمية المياه العادمة المعالجة,Other,أخرى ,m3 / yearly,م3 / سنويا,Total ,المجموع ,2018,2018,29.922882096439373
251,Treated Wastewater Distribution,كمية المياه العادمة المعالجة,Other,أخرى ,%,%,Total %,المجموع %,2018,2018,4.067767662041674
